customer_id,name,email,region,signup_date,tier
1,Ethan Chen,ethan.chen1@example.com,South,2025-08-17,basic
2,Zara Das,zara.das2@example.com,South,2024-07-28,basic
3,Ravi Garcia,ravi.garcia3@example.com,North,2024-09-24,basic
4,Priya Das,priya.das4@example.com,West,2024-09-09,basic
5,Kiran Kim,kiran.kim5@example.com,North,2024-05-08,basic
6,Kiran Patel,kiran.patel6@example.com,North,2025-07-09,basic
7,Dev Rao,dev.rao7@example.com,North,2025-01-29,basic
8,Elena Rossi,elena.rossi8@example.com,East,2024-05-28,standard
9,Ethan Iyer,ethan.iyer9@example.com,North,2024-03-29,standard
10,Priya Kim,priya.kim10@example.com,North,2024-04-21,basic
11,Priya Rao,priya.rao11@example.com,East,2025-05-27,standard
12,Maya Iyer,maya.iyer12@example.com,South,2024-11-14,standard
13,Noah Garcia,noah.garcia13@example.com,East,2025-02-12,basic
14,Ethan Silva,ethan.silva14@example.com,South,2025-04-20,basic
15,Liam Sharma,liam.sharma15@example.com,North,2025-01-10,basic
16,Aarav Chen,aarav.chen16@example.com,South,2025-04-18,basic
17,Priya Chen,priya.chen17@example.com,South,2024-04-10,basic
18,Maya Nguyen,maya.nguyen18@example.com,South,2024-08-12,basic
19,Aarav Rossi,aarav.rossi19@example.com,West,2024-06-14,standard
20,Dev Nguyen,dev.nguyen20@example.com,West,2024-06-08,basic
21,Aarav Das,aarav.das21@example.com,North,2024-11-14,basic
22,Anika Kim,anika.kim22@example.com,West,2025-08-06,basic
23,Kiran Nguyen,kiran.nguyen23@example.com,East,2025-03-21,standard
24,Maya Silva,maya.silva24@example.com,South,2024-10-20,basic
25,Nora Iyer,nora.iyer25@example.com,South,2024-02-18,basic
26,Maya Sharma,maya.sharma26@example.com,South,2024-11-22,basic
27,Elena Patel,elena.patel27@example.com,North,2025-03-03,basic
28,Nora Silva,nora.silva28@example.com,East,2024-08-14,basic
29,Maya Khan,maya.khan29@example.com,West,2025-03-10,basic
30,Elena Das,elena.das30@example.com,South,2025-04-08,basic
31,Elena Kim,elena.kim31@example.com,South,2025-03-14,basic
32,Dev Kim,dev.kim32@example.com,East,2024-02-14,standard
33,Kiran Garcia,kiran.garcia33@example.com,North,2024-08-29,standard
34,Aarav Garcia,aarav.garcia34@example.com,East,2025-01-01,basic
35,Maya Kim,maya.kim35@example.com,South,2024-11-14,standard
36,Ravi Iyer,ravi.iyer36@example.com,North,2025-05-13,standard
37,Elena Kim,elena.kim37@example.com,West,2024-01-07,standard
38,Ravi Khan,ravi.khan38@example.com,South,2024-11-02,basic
39,Liam Rossi,liam.rossi39@example.com,North,2025-07-30,basic
40,Ravi Silva,ravi.silva40@example.com,West,2024-04-30,standard
201,Aarav Murphy,aarav.murphy201@example.com,East,2025-07-25,premium
202,Ravi Ali,ravi.ali202@example.com,East,2025-07-16,standard
203,Nora Sharma,nora.sharma203@example.com,West,2025-04-29,premium
204,Priya Rossi,priya.rossi204@example.com,West,2025-07-13,basic
205,Anika Chen,anika.chen205@example.com,East,2025-01-22,premium
206,Maya Murphy,maya.murphy206@example.com,East,2025-06-22,premium
207,Ravi Chen,ravi.chen207@example.com,North,2024-11-25,premium
208,Dev Das,dev.das208@example.com,East,2024-08-16,standard
209,Anika Ali,anika.ali209@example.com,West,2024-12-22,premium
210,Sofia Garcia,sofia.garcia210@example.com,East,2024-03-08,premium
211,Sofia Das,sofia.das211@example.com,East,2024-06-22,basic
212,Ravi Garcia,ravi.garcia212@example.com,West,2024-06-05,basic
213,Ravi Silva,ravi.silva213@example.com,East,2024-02-14,standard
214,Priya Silva,priya.silva214@example.com,North,2025-03-14,standard
215,Liam Iyer,liam.iyer215@example.com,West,2024-09-14,basic
216,Priya Khan,priya.khan216@example.com,East,2025-06-19,standard
217,Ravi Patel,ravi.patel217@example.com,West,2024-10-08,standard
218,Zara Iyer,zara.iyer218@example.com,West,2024-04-24,premium
219,Zara Iyer,zara.iyer219@example.com,South,2024-06-27,basic
220,Ravi Garcia,ravi.garcia220@example.com,West,2025-01-10,premium
